"","1P","2PP","2PS"
"Soil Control",2.62183482433646,9.55030047549895,9.82315303510127
"Corn Stover",10.8157285604879,0.196792189377294,5.1512014168671
"AD HLFB",10.4714573483056,1.44697968181143,9.78756714113246
"C-CBP HLFB",11.1092784280606,2.5408058245925,4.873114844037
"DASE HLFB",11.3657826446752,2.52021021191807,4.26472012287197
