"","1P","2PP","2PS"
"Soil Control",2.98137559170663,9.5503009245736,12.8479681887567
"Corn Stover",11.3607436982286,2.15671744828419,5.05614802668828
"AD HLFB",10.6491309482161,1.44699208889035,3.27461044510452
"C-CBP HLFB",11.4578938590341,2.54079926554095,4.49938765278517
"DASE HLFB",11.4159967833403,2.52013684319326,4.22177636231829
